"path","size_bytes","sha256"
"data/06ML/boxplot/test/24206/boxplot24206.pdf","44019","825f275e0dad0b667728155b2b5ab534424c0c9ce5f5ce3a268f55b1d1c6d55c"
"data/06ML/boxplot/test/24206/cor24206.pdf","12560","003a68d441260502e6a5d00dc6f5ec12d75f0b31f7b9d7279aee92cdd06ae453"
"data/06ML/boxplot/test/24206/geoML19.boxplot.R","2183","905d66ad9d2b106d4f0d062bb8d28401afda3c630b37a2b16d568058d37a6578"
"data/06ML/boxplot/test/24206/GSE24206.normalize.txt","8918328","505dce8b8f570eaabfaf8ffacdb917c5b845b4260e6585402949fcad3def0455"
"data/06ML/boxplot/test/24206/modelGene.list.txt","15","9fd878d7e3559bbbe41d137f2c4ab367d68ac7cb2092df213fb98fefd59bfd03"
"data/06ML/boxplot/test/53845/boxplot53845.pdf","44257","460a2d4b45b861fda7ddf7bf65e4fc7cd9a3010e58f019a808e6ccf9a9d9e3ea"
"data/06ML/boxplot/test/53845/cor53845.pdf","14326","48cf12330bd95f56aa4caeea6f2065fe2bf150b2cbc58a96b534c07aa9933a77"
"data/06ML/boxplot/test/53845/GSE53845.normalize.txt","16821231","8fac6083057656c324c4f93119b6c060fd97947c8a115ea8b79ec9d3d4e52edd"
"data/06ML/boxplot/test/53845/modelGene.list.txt","15","9fd878d7e3559bbbe41d137f2c4ab367d68ac7cb2092df213fb98fefd59bfd03"
"data/06ML/boxplot/train/boxplot_train.pdf","44061","af2892dd702492bd5cfd5eaf1686a84ffc2d2a26d3668143a1ace4257f42181c"
"data/06ML/boxplot/train/cor_train.pdf","13973","e7aa13365dbc5c8fc0c478230dfe75476fbfcec04ccb2e98cb8f4def73a6a4f0"
"data/06ML/boxplot/train/geoML19.boxplot.R","2183","905d66ad9d2b106d4f0d062bb8d28401afda3c630b37a2b16d568058d37a6578"
"data/06ML/boxplot/train/merge.normalize.txt","17213150","16de254d961903f5c68bc354b78678a904798032520b229c720d5f6289602b4b"
"data/06ML/boxplot/train/modelGene.list.txt","15","9fd878d7e3559bbbe41d137f2c4ab367d68ac7cb2092df213fb98fefd59bfd03"
"data/06ML/confusion/confusion.GSE24206.pdf","4375","2a7c2c03db87e61eeb65a8754094b9ce2c67ecd111a6ad640ed12caa9190ad27"
"data/06ML/confusion/confusion.GSE53845.pdf","4376","2c67166ff81597ba3185bb3e14b7a962d38a4a6046a0837348393c349b467e8c"
"data/06ML/confusion/confusion.Train.pdf","4384","dd174328a63225a8480ee6924fb15c992acf619d1f673a5c9dbe608657e7dbf0"
"data/06ML/confusion/geoML17.CM.R","2142","6d26ce80108979fef3220f976d5b2db8fd4a94e8f4eb5759209fb8cb94ffc5df"
"data/06ML/confusion/model.classMatrix.txt","32540","e514ff68667074d0eb93d654ee0a346a6945f10644719974c627087bbc8486e3"
"data/06ML/geneROC/geoML20.ROC.R","1586","ba07738303576f662af894c489adeca7c521d55fdd64a3f3d9b45071b8be7fd3"
"data/06ML/geneROC/merge.normalize.txt","17213150","16de254d961903f5c68bc354b78678a904798032520b229c720d5f6289602b4b"
"data/06ML/geneROC/modelGene.list.txt","15","9fd878d7e3559bbbe41d137f2c4ab367d68ac7cb2092df213fb98fefd59bfd03"
"data/06ML/geneROC/ROC.genes.pdf","4670","5483f1af89732682d60c1f7b65877fc5ca44d730f1d8f061cf58cfc195c7b2f1"
"data/06ML/ML/data.test.txt","9311","d96886a47535d68ccdda824a66cfa5b276bb2c160c4990035309d08b0de9111e"
"data/06ML/ML/data.train.txt","7400","4d486a0da2de041c804da2831efebfd932b83fdb7870b2b008004d8f7b651a7d"
"data/06ML/ML/model.AUCheatmap.pdf","12839","21c1b102fdb8b7c55195000da8869f20101d2c0b2afe1559f65d4ea75875dc6d"
"data/06ML/ML/model.AUCmatrix.txt","6921","3f55733df9aecc055966b3a03abb465e4d0b0162aad8f293a5107c4e95c21d9f"
"data/06ML/ML/model.classMatrix.txt","32540","e514ff68667074d0eb93d654ee0a346a6945f10644719974c627087bbc8486e3"
"data/06ML/ML/model.genes.txt","12564","65afa22758602d420fbaf79b845faa1aa4d86bd7f4786c687d783b588fb97d74"
"data/06ML/ML/model.logisticmodel.rds","11398570","4582f57323bcf37a510a06bbf50e4d81dedc4ef9054c76ae30d49addeb990e7b"
"data/06ML/ML/model.MLmodel.rds","8991029","f505393ee6e7b12b351580fc064fdb1ee338597ae0991fcecc1a0cf170250b92"
"data/06ML/ML/model.riskMatrix.txt","234241","15c1e3d27fdb4b0e1102a23c4292144160450d013453926c73a4b50987a842af"
"data/06ML/ML/modelGene.list.txt","15","9fd878d7e3559bbbe41d137f2c4ab367d68ac7cb2092df213fb98fefd59bfd03"
"data/06ML/ML/refer.methodLists.txt","2459","66b01943d1151886bd2a57114df684a93c50e447ee5edfdb8ff845ad64a0d743"
"data/06ML/ML/refer.ML.R","16456","3a8997926db97b310e01a516eeefdad62898da30c7483c9786ae0f789a537a66"
"data/06ML/ML/toxicityML22.model.R","8883","181b4a607b31bf48703626bc56061b962b0823be2bf77baedb42b347ab5e9688"
"data/06ML/MLdata/data.test.txt","9311","d96886a47535d68ccdda824a66cfa5b276bb2c160c4990035309d08b0de9111e"
"data/06ML/MLdata/data.train.txt","7400","4d486a0da2de041c804da2831efebfd932b83fdb7870b2b008004d8f7b651a7d"
"data/06ML/MLdata/geoML14.MLdata.R","2929","00de9fb46c1c8f548204a55aeab70b73f604cba569a7a4062fe516874ecadec1"
"data/06ML/MLdata/GSE24206.normalize.txt","8918328","505dce8b8f570eaabfaf8ffacdb917c5b845b4260e6585402949fcad3def0455"
"data/06ML/MLdata/GSE53845.normalize.txt","16821231","8fac6083057656c324c4f93119b6c060fd97947c8a115ea8b79ec9d3d4e52edd"
"data/06ML/MLdata/interGenes.txt","40","323a6a519cf965f92d72f7d1d0d0445d7885fbc159c43300fc833a013667fd9b"
"data/06ML/MLdata/merge.normalize.txt","17213150","16de254d961903f5c68bc354b78678a904798032520b229c720d5f6289602b4b"
"data/06ML/ROC/geoML16.ROC.R","1406","404f8cce5179ff771622fce2f8bcd234a300789570c50fe75cf15892cf132130"
"data/06ML/ROC/model.riskMatrix.txt","234241","15c1e3d27fdb4b0e1102a23c4292144160450d013453926c73a4b50987a842af"
"data/06ML/ROC/ROC.GSE24206.pdf","4562","821607f81785acd78ebcfdb85754de0510eac66d138dc152a06569b92659acbc"
"data/06ML/ROC/ROC.GSE53845.pdf","4668","3c1cad3a9b2547c1999c8c7cc786279c6234db5690a52b51288207389dbb4b29"
"data/06ML/ROC/ROC.Train.pdf","4708","f81857252b54f6f4f2449ed9366d020f9b23e481d3e84929dbf2e837f74a8ab8"
